case_id,suspect_number,suspect_imei,suspect_upi,n_records,planted_overlap
CASE0001,+919860181590,356938083016613,amitpay71@paytm,40,
CASE0002,+919833875004,356938074395755,amitpay29@icb,45,
CASE0003,+919888387371,356938067868433,traders2426@upi,20,
CASE0004,+919837484777,356938018341704,nikhil.j10@okhdfcbank,26,
CASE0005,+919868773132,356938028171800,vikram.t30@okhdfcbank,20,
CASE0006,+919859045440,356938091031776,sanjay.p56@paytm,43,
CASE0007,+919851697846,356938049366578,nikhil.j23@icb,22,
CASE0008,+919846400859,356938097987320,sunita.d8@okhdfcbank,60,
CASE0009,+919832176541,356938063624677,ravi.k80@paytm,57,
CASE0010,+919890798016,356938096710699,vikram.t61@paytm,56,
CASE0011,+919815253027,356938082724663,vikram.t4@ybl,34,
CASE0012,+919851821563,356938080326670,sunita.d5@okhdfcbank,60,
CASE0013,+919807093330,356938029250746,sanjay.p64@icb,45,
CASE0014,+919842277330,356938087254229,kavita.n43@icb,32,
CASE0015,+919841384738,356938073891899,amitpay53@icb,27,
CASE0016,+919886505578,356938053352230,nikhil.j52@paytm,35,
CASE0017,+919864473927,356938042441507,kavita.n21@ybl,33,
CASE0018,+919888471464,356938071772820,vikram.t47@paytm,42,
CASE0019,+919874395824,356938045832360,traders2449@upi,22,
CASE0020,+919824517920,356938056601328,anita.r20@ybl,59,
CASE0021,+919867552288,356938064235161,ravi.k74@upi,41,
CASE0022,+919823779971,356938090726377,vikram.t16@paytm,57,
CASE0023,+919840425582,356938025455281,kavita.n22@ybl,23,
CASE0024,+919825609523,356938002949778,freshmart18@ybl,22,
CASE0025,+919821302324,356938030011132,pooja.b43@icb,20,
CASE0026,+919856812610,356938004281152,citypay22@upi,24,
CASE0027,+919885139035,356938062616354,traders2466@upi,38,
CASE0028,+919841128812,356938063076612,vikram.t39@icb,23,
CASE0029,+919834807701,356938010379714,traders2478@upi,44,
CASE0030,+919820480501,356938083862336,sanjay.p85@paytm,51,
CASE0031,+919887133746,356938050315636,kavita.n43@okhdfcbank,58,
CASE0032,+919816766312,356938062825366,sanjay.p20@icb,30,
CASE0033,+919832769452,356938098262431,ravi.k54@icb,48,
CASE0034,+919846877779,356938051921323,vikram.t27@paytm,36,
CASE0035,+919829744982,356938029523013,deepa.v99@icb,45,
CASE0036,+919854739343,356938058795610,ravi.k76@okhdfcbank,47,
CASE0037,+919813175918,356938088283201,traders2430@ybl,37,
CASE0038,+919814131487,356938059344509,meera.s74@icb,47,
CASE0039,+919871788794,356938089857361,citypay16@okhdfcbank,34,
CASE0040,+919852196776,356938029672748,meera.s77@okhdfcbank,35,
CASE0041,+919820845637,356938004352645,traders2442@upi,30,
CASE0042,+919835028991,356938045674685,rajesh.m36@okhdfcbank,58,
CASE0043,+919869198006,356938078092051,amitpay70@upi,43,
CASE0044,+919832881660,356938006208248,citypay14@paytm,50,
CASE0045,+919886726217,356938018755191,anita.r47@paytm,52,
CASE0046,+919811383581,356938001935325,nikhil.j73@upi,36,
CASE0047,+919805403443,356938035643809,freshmart19@icb,40,IMEI match with live demo case
CASE0048,+919816894606,356938003393093,anita.r40@ybl,46,
CASE0049,+919855064330,356938024257152,pooja.b17@paytm,47,
CASE0050,+919805712978,356938026757977,traders2475@upi,43,
CASE0051,+919877168348,356938079038674,pooja.b33@ybl,32,
CASE0052,+919843880306,356938012526061,nikhil.j65@okhdfcbank,50,
CASE0053,+919880512214,356938031883635,sunita.d41@upi,44,
CASE0054,+919820907986,356938011815577,anita.r87@icb,50,
CASE0055,+919808828733,356938039618356,meera.s30@okhdfcbank,35,
CASE0056,+919806239692,356938030585696,quickcash37@okhdfcbank,34,
CASE0057,+919891842653,356938050714606,deepa.v56@ybl,39,
CASE0058,+919813790836,356938087492853,amitpay5@paytm,27,
CASE0059,+919886567533,356938015046967,ravi.k17@okhdfcbank,56,
CASE0060,+919847887847,356938023791577,sanjay.p48@okhdfcbank,52,
CASE0061,+919884244527,356938095289892,sanjay.p12@upi,28,
CASE0062,+919868467823,356938016862076,citypay26@ybl,26,
CASE0063,+919872982908,356938017565477,amitpay99@paytm,54,
CASE0064,+919888294313,356938018534404,anita.r13@okhdfcbank,56,
CASE0065,+919828249690,356938048265501,rajesh.m29@paytm,47,
CASE0066,+919868109624,356938073897503,sanjay.p24@okhdfcbank,54,
CASE0067,+919858858718,356938067446153,pooja.b81@icb,29,
CASE0068,+919868822513,356938069806357,vikram.t39@paytm,42,
CASE0069,+919866148853,356938006997621,nikhil.j59@paytm,47,
CASE0070,+919850342739,356938051025634,sunita.d33@upi,26,
CASE0071,+919810064390,356938006586211,sunita.d54@ybl,52,
CASE0072,+919809732505,356938033449030,ravi.k77@paytm,54,
CASE0073,+919831077644,356938027931939,pooja.b44@icb,37,
CASE0074,+919808863367,356938073706493,quickcash37@paytm,24,
CASE0075,+919825336035,356938005001085,nikhil.j99@paytm,55,
CASE0076,+919851802995,356938002275788,sunita.d80@paytm,21,
CASE0077,+919803658870,356938087149170,vikram.t38@paytm,22,
CASE0078,+919810622740,356938086153904,amitpay75@ybl,25,
CASE0079,+919856977720,356938036854423,ravi.k94@icb,37,
CASE0080,+919812720362,356938083655494,sanjay.p1@ybl,28,
CASE0081,+919817898878,356938054587889,traders2466@okhdfcbank,56,
CASE0082,+919832620270,356938040724555,vikram.t39@okhdfcbank,29,
CASE0083,+919883997682,356938001903240,meera.s26@paytm,45,
CASE0084,+919822346530,356938022549698,rajesh.m41@paytm,20,
CASE0085,+919828658414,356938070866364,deepa.v70@ybl,39,
CASE0086,+919847187163,356938097648682,pooja.b51@upi,21,
CASE0087,+919866810952,356938022355623,sanjay.p41@upi,57,
CASE0088,+919885204566,356938020450682,traders2484@paytm,60,
CASE0089,+919820383826,356938019857763,citypay6@okhdfcbank,43,
CASE0090,+919818859256,356938033343057,kavita.n99@okhdfcbank,25,
CASE0091,+919888800361,356938079042303,rajesh.m25@okhdfcbank,43,
CASE0092,+919869186750,356938024225168,sunita.d83@okhdfcbank,53,
CASE0093,+919840540875,356938057649348,traders2437@ybl,56,
CASE0094,+919808658380,356938031379771,citypay65@paytm,22,
CASE0095,+919831937271,356938026065187,traders2463@ybl,51,
CASE0096,+919875899977,356938030769393,meera.s78@okhdfcbank,23,
CASE0097,+919819426685,356938046576272,sanjay.p52@paytm,44,
CASE0098,+919889254813,356938086368248,citypay68@upi,42,
CASE0099,+919820254291,356938007958127,kavita.n10@upi,37,
CASE0100,+919821958164,356938075051629,sunita.d36@paytm,56,
CASE0101,+919850881857,356938073619741,traders2453@paytm,32,
CASE0102,+919882842707,356938086538698,vikram.t14@icb,52,
CASE0103,+919812372983,356938008870321,amitpay67@paytm,28,
CASE0104,+919833681352,356938006353587,citypay58@upi,34,
CASE0105,+919855528653,356938071073117,nikhil.j19@okhdfcbank,50,
CASE0106,+919827005316,356938093222075,ravi.k28@okhdfcbank,38,
CASE0107,+919895292799,356938001953112,nikhil.j93@paytm,47,
CASE0108,+919880508962,356938087541707,sanjay.p35@ybl,25,
CASE0109,+919808604500,356938081370247,anita.r76@ybl,52,
CASE0110,+919888563774,356938013690560,nikhil.j21@ybl,29,
CASE0111,+919801887021,356938037322103,sunita.d31@icb,45,
CASE0112,+919893289934,356938014040686,freshmart67@paytm,44,
CASE0113,+919849104000,356938093192050,rahulk.scam@icb,29,UPI + mule match with live demo case
CASE0114,+919853072771,356938076059833,sunita.d9@ybl,34,
CASE0115,+919821480640,356938074216605,sanjay.p56@okhdfcbank,31,
CASE0116,+919860988662,356938094395071,meera.s53@paytm,46,
CASE0117,+919818250868,356938042637974,kavita.n62@upi,31,
CASE0118,+919859834185,356938037348074,quickcash71@okhdfcbank,23,
CASE0119,+919827012297,356938026847010,freshmart10@upi,43,
CASE0120,+919803457191,356938057880544,sanjay.p49@upi,21,
CASE0121,+919839194675,356938059740605,traders2469@ybl,42,
CASE0122,+919812399127,356938088039497,kavita.n3@ybl,29,
CASE0123,+919863703342,356938032854270,amitpay70@okhdfcbank,60,
CASE0124,+919831929581,356938079185700,deepa.v9@paytm,60,
CASE0125,+919870835827,356938078593525,anita.r89@icb,57,
CASE0126,+919856950170,356938077064571,deepa.v35@paytm,32,
CASE0127,+919806755990,356938090415235,amitpay67@paytm,46,
CASE0128,+919840543064,356938088173697,meera.s73@upi,58,
CASE0129,+919849972949,356938086246362,quickcash35@ybl,20,
CASE0130,+919895252357,356938023398419,pooja.b57@icb,31,
CASE0131,+919873668078,356938059168097,amitpay34@paytm,30,
CASE0132,+919831338123,356938065187373,meera.s70@okhdfcbank,30,
CASE0133,+919839294570,356938023241501,rajesh.m63@okhdfcbank,26,
CASE0134,+919819991878,356938063743730,anita.r73@icb,29,
CASE0135,+919894796614,356938026983638,anita.r64@upi,51,
CASE0136,+919801077922,356938062757867,kavita.n77@okhdfcbank,40,
CASE0137,+919812576231,356938000247322,anita.r86@okhdfcbank,33,
CASE0138,+919833193885,356938042601185,amitpay55@upi,38,
CASE0139,+919875124784,356938017991296,kavita.n16@okhdfcbank,54,
CASE0140,+919870728112,356938009723482,deepa.v71@icb,41,
CASE0141,+919855916949,356938055414127,rajesh.m83@okhdfcbank,23,
CASE0142,+919820930235,356938057757843,nikhil.j79@paytm,45,
CASE0143,+919817430452,356938048682222,amitpay29@icb,57,
CASE0144,+919865856823,356938069935427,sanjay.p84@okhdfcbank,49,
CASE0145,+919875538546,356938002425915,sanjay.p69@paytm,34,
CASE0146,+919896255608,356938058651196,freshmart57@okhdfcbank,57,
CASE0147,+919888322204,356938046039286,meera.s63@paytm,29,
CASE0148,+919874234126,356938030444701,amitpay37@ybl,24,
CASE0149,+919824605307,356938063996015,anita.r98@upi,49,
CASE0150,+919869431911,356938010173793,amitpay41@okhdfcbank,32,
CASE0151,+919840725433,356938009209364,vikram.t11@paytm,55,
CASE0152,+919813673603,356938013358414,meera.s41@paytm,36,
CASE0153,+919847505300,356938026023179,traders2435@ybl,49,
CASE0154,+919811007815,356938097962252,meera.s81@ybl,36,
CASE0155,+919804040613,356938023972243,ravi.k61@ybl,22,
CASE0156,+919800558603,356938001132456,traders2465@okhdfcbank,53,
CASE0157,+919838653481,356938063745735,meera.s31@ybl,44,
CASE0158,+919811356315,356938043094404,anita.r34@okhdfcbank,22,
CASE0159,+919859158407,356938022768495,amitpay21@upi,57,
CASE0160,+919896125545,356938059710352,rajesh.m79@icb,25,
CASE0161,+919808695749,356938040478766,quickcash6@upi,59,
CASE0162,+919809512120,356938020221293,ravi.k62@upi,46,
CASE0163,+919814170564,356938076805884,vikram.t30@icb,59,
CASE0164,+919889862592,356938067131588,sunita.d76@upi,54,
CASE0165,+919843564402,356938010276826,ravi.k24@icb,56,
CASE0166,+919804770625,356938003884621,freshmart27@paytm,22,
CASE0167,+919893118850,356938048930199,kavita.n37@ybl,44,
CASE0168,+919875049267,356938083778643,quickcash62@okhdfcbank,50,
CASE0169,+919865137300,356938093868863,amitpay90@ybl,56,
CASE0170,+919893288326,356938024891673,anita.r14@upi,22,
CASE0171,+919875580256,356938047899287,ravi.k32@okhdfcbank,49,
CASE0172,+919873912336,356938006752075,anita.r12@okhdfcbank,35,
CASE0173,+919871729032,356938042247022,nikhil.j54@ybl,39,
CASE0174,+919863733915,356938008632756,anita.r89@upi,32,
CASE0175,+919866990426,356938099574334,ravi.k57@okhdfcbank,44,
CASE0176,+919872203782,356938022061836,pooja.b27@upi,22,
CASE0177,+919845506607,356938089497654,anita.r30@icb,40,
CASE0178,+919894429413,356938046059675,amitpay95@okhdfcbank,42,
CASE0179,+919880767729,356938040532381,nikhil.j31@ybl,23,
CASE0180,+919866550594,356938085738927,amitpay95@ybl,41,
CASE0181,+919868582785,356938028064366,sunita.d64@upi,42,
CASE0182,+919830208270,356938077233504,pooja.b53@paytm,51,
CASE0183,+919864951595,356938035824997,amitpay98@paytm,27,
CASE0184,+919859685664,356938075488790,freshmart77@okhdfcbank,57,
CASE0185,+919800184307,356938060499038,pooja.b75@paytm,59,
CASE0186,+919815475174,356938040135356,meera.s24@icb,56,
CASE0187,+919834780801,356938034178566,citypay96@paytm,21,
CASE0188,+919863533881,356938006457126,anita.r78@okhdfcbank,38,
CASE0189,+919834759472,356938053130788,rajesh.m15@paytm,41,
CASE0190,+919843271355,356938003866220,quickcash94@ybl,25,
CASE0191,+919809284315,356938021417467,pooja.b36@ybl,47,
CASE0192,+919878800489,356938078706960,nikhil.j53@paytm,39,
CASE0193,+919826915295,356938007107516,sanjay.p62@okhdfcbank,60,
CASE0194,+919828739984,356938003327006,citypay2@paytm,27,
CASE0195,+919820899171,356938079940649,rajesh.m40@icb,41,
CASE0196,+919826660104,356938080185514,vikram.t85@ybl,42,
CASE0197,+919868909466,356938013335657,ravi.k14@upi,20,
CASE0198,+919854605697,356938013634483,kavita.n57@paytm,52,
CASE0199,+919884787705,356938090019939,sunita.d24@upi,29,
CASE0200,+919843555685,356938044472187,kavita.n9@okhdfcbank,54,
CASE0201,+919860043551,356938042326256,sanjay.p58@ybl,40,
CASE0202,+919864870197,356938057374302,vikram.t5@paytm,32,
CASE0203,+919820961541,356938057081308,freshmart56@okhdfcbank,20,
CASE0204,+919860222623,356938051487614,deepa.v68@paytm,49,
CASE0205,+919816297794,356938087870771,pooja.b68@icb,21,
CASE0206,+919804015348,356938005154805,amitpay30@ybl,33,
CASE0207,+919870626515,356938066099933,pooja.b38@paytm,20,
CASE0208,+919836736151,356938092925682,ravi.k59@upi,21,
CASE0209,+919878887780,356938074249597,deepa.v83@upi,52,
CASE0210,+919817384930,356938028920907,deepa.v32@upi,56,
CASE0211,+919891220950,356938030330506,sanjay.p1@ybl,33,
CASE0212,+919803111781,356938096878229,meera.s99@icb,22,
CASE0213,+919865725734,356938006847067,nikhil.j85@upi,54,
CASE0214,+919845916882,356938042651329,ravi.k37@upi,33,
CASE0215,+919896332747,356938017311387,ravi.k61@icb,60,
CASE0216,+919801250441,356938084075544,pooja.b94@icb,28,
CASE0217,+919828479975,356938030178459,vikram.t20@okhdfcbank,29,
CASE0218,+919836698651,356938017120662,freshmart9@paytm,60,
CASE0219,+919814028665,356938071355579,quickcash94@paytm,54,
CASE0220,+919848204313,356938071668195,ravi.k31@paytm,49,
